epoch,loss,val_loss
0,0.1742030680179596,0.11718261986970901
